,5th Edition,DMing,Art,OC,Homebrew,Misc,Game Tales,Resources,3rd/3.5 Edition,Out of Game
2017-02-01,63,25,15,12,9,0,0,0,0,0
2017-02-02,64,33,11,23,11,0,0,0,0,0
2017-02-03,37,27,10,33,8,0,0,0,0,0
2017-02-04,32,22,19,20,6,0,0,0,0,0
2017-02-05,38,14,9,17,3,0,0,0,0,0
2017-02-06,44,18,9,31,5,0,0,0,0,0
2017-02-07,63,22,19,21,4,0,0,0,0,0
2017-02-08,43,32,13,25,5,0,0,0,0,0
2017-02-09,43,35,15,19,8,0,0,0,0,0
2017-02-10,46,31,7,22,4,0,0,0,0,0
2017-02-11,53,29,4,25,3,0,0,0,0,0
2017-02-12,51,30,6,25,3,0,4,6,3,10
2017-02-13,41,23,11,27,9,3,14,5,3,8
2017-02-14,58,35,6,18,8,12,13,8,7,11
2017-02-15,61,31,15,28,6,5,7,4,4,4
2017-02-16,36,21,4,22,2,3,3,5,4,7
2017-02-17,45,25,6,22,5,6,6,1,4,0
2017-02-18,44,17,2,20,6,1,1,0,2,0
2017-02-19,40,11,3,27,6,2,4,3,6,1
2017-02-20,40,21,13,27,5,1,4,2,4,3
2017-02-21,47,26,16,15,3,5,7,3,6,4
2017-02-22,49,24,16,15,13,11,12,7,4,7
2017-02-23,54,25,16,22,5,6,10,6,9,6
2017-02-24,77,42,21,18,11,7,6,14,7,9
2017-02-25,46,19,17,17,6,5,2,8,3,7
2017-02-26,43,31,12,30,9,3,4,2,6,2
2017-02-27,45,24,19,31,5,7,7,1,3,1
2017-02-28,52,26,17,45,6,4,11,5,6,6
2017-03-01,45,34,19,34,6,6,4,6,2,8
2017-03-02,59,45,18,19,11,7,12,6,5,5
2017-03-03,59,29,12,23,5,3,9,10,3,11
2017-03-04,39,28,11,24,4,2,2,0,3,1
2017-03-05,30,24,17,31,2,0,0,0,1,1
2017-03-06,50,36,7,34,7,3,9,4,1,3
2017-03-07,45,41,15,26,6,8,13,2,3,5
2017-03-08,52,45,13,22,8,5,21,6,6,6
2017-03-09,40,25,8,19,9,11,12,4,3,2
2017-03-10,38,23,14,21,4,1,3,1,6,2
2017-03-11,30,24,9,23,3,2,3,2,0,1
2017-03-12,41,12,12,24,6,0,3,1,8,0
2017-03-13,43,16,19,14,8,5,3,8,4,5
2017-03-14,47,37,14,21,11,5,4,6,3,6
2017-03-15,48,29,20,20,7,3,6,4,4,2
2017-03-16,53,22,19,16,3,1,6,6,14,3
2017-03-17,53,36,12,26,2,4,5,3,4,1
2017-03-18,35,20,10,28,2,1,7,1,2,2
2017-03-19,29,12,10,23,5,2,2,0,7,1
2017-03-20,37,28,19,21,7,1,3,0,1,1
2017-03-21,34,27,32,20,3,2,2,2,8,0
2017-03-22,36,22,17,20,4,6,5,1,10,0
2017-03-23,41,28,7,20,2,3,3,1,4,1
2017-03-24,40,26,11,31,3,2,2,1,5,1
2017-03-25,36,23,9,30,5,1,1,3,3,0
2017-03-26,34,8,15,25,4,2,1,3,6,1
2017-03-27,38,41,18,18,7,2,4,2,3,3
2017-03-28,44,21,16,22,2,4,5,4,5,5
2017-03-29,34,31,13,20,9,5,7,3,4,7
2017-03-30,54,33,21,13,5,4,10,6,4,6
2017-03-31,58,38,21,14,5,3,5,6,3,7
2017-04-01,31,40,15,19,2,1,1,3,3,0
2017-04-02,27,24,18,31,1,3,4,0,6,1
2017-04-03,36,42,11,16,9,6,8,1,3,0
2017-04-04,47,47,13,28,9,6,7,2,6,2
2017-04-05,49,45,18,20,4,4,1,7,4,1
2017-04-06,46,38,9,19,9,3,5,4,8,0
2017-04-07,49,34,15,14,5,2,6,3,3,1
2017-04-08,34,26,29,26,5,2,2,2,4,4
2017-04-09,45,29,19,32,4,3,2,1,1,1
2017-04-10,43,33,14,24,4,1,2,0,6,5
2017-04-11,56,47,12,26,6,2,5,2,8,1
2017-04-12,49,32,9,21,5,2,4,2,3,4
2017-04-13,42,38,13,12,5,4,5,0,2,0
2017-04-14,39,38,15,14,6,0,4,2,7,2
2017-04-15,40,36,11,22,5,2,3,2,2,1
2017-04-16,27,32,19,20,10,1,4,1,5,0
2017-04-17,47,50,25,20,6,7,3,2,1,5
2017-04-18,50,44,10,13,9,4,7,5,4,4
2017-04-19,46,28,16,26,9,4,7,8,7,3
2017-04-20,48,41,23,11,14,7,9,3,4,6
2017-04-21,48,32,27,25,8,9,3,6,9,5
2017-04-22,50,24,27,20,12,6,1,1,4,2
2017-04-23,51,20,15,26,5,1,1,3,2,3
2017-04-24,35,24,30,12,1,5,4,1,1,1
2017-04-25,58,30,34,31,10,7,7,4,4,2
2017-04-26,46,39,36,14,11,6,8,3,5,1
2017-04-27,51,40,19,20,7,7,11,7,1,2
2017-04-28,60,31,20,15,6,7,13,7,3,7
2017-04-29,38,50,13,23,10,5,7,4,4,0
2017-04-30,37,16,11,21,5,2,7,3,5,3
2017-05-01,27,41,20,14,8,3,4,1,4,2
2017-05-02,48,43,13,26,8,5,18,7,5,7
2017-05-03,57,39,21,24,11,16,8,4,5,3
2017-05-04,40,48,14,16,8,4,2,5,3,2
2017-05-05,55,48,16,21,9,3,8,6,4,5
2017-05-06,44,43,23,24,8,6,5,4,2,1
2017-05-07,40,31,12,30,8,5,2,1,1,0
2017-05-08,41,40,11,33,8,7,2,2,2,1
2017-05-09,51,32,11,37,6,14,10,7,7,4
2017-05-10,52,35,12,36,6,8,8,5,5,2
2017-05-11,53,38,29,27,14,6,7,5,6,4
2017-05-12,46,39,30,21,2,5,7,2,5,9
2017-05-13,37,30,18,14,6,4,7,4,3,0
2017-05-14,30,36,21,16,11,6,2,3,8,0
2017-05-15,33,36,21,11,5,4,11,10,7,6
2017-05-16,42,59,12,17,6,7,12,3,3,7
2017-05-17,54,36,22,33,7,9,7,1,4,4
2017-05-18,42,43,14,18,12,7,5,8,4,3
2017-05-19,28,43,9,24,6,5,4,3,5,0
2017-05-20,33,40,18,18,8,6,3,5,5,4
2017-05-21,32,24,13,17,8,1,1,3,3,1
2017-05-22,27,38,15,19,11,0,9,0,1,1
2017-05-23,42,28,26,38,5,8,6,4,7,1
2017-05-24,39,45,16,18,5,11,10,4,3,3
2017-05-25,45,40,7,10,3,4,5,5,2,3
2017-05-26,39,32,13,14,9,5,7,3,10,3
2017-05-27,38,39,12,16,6,6,3,3,6,1
2017-05-28,39,32,17,22,5,8,5,0,3,5
2017-05-29,35,38,19,22,8,2,7,2,4,1
2017-05-30,47,42,12,15,3,6,7,6,5,4
2017-05-31,54,49,11,27,8,2,2,3,3,2
2017-06-01,44,38,19,35,7,6,4,3,4,2
2017-06-02,61,29,20,24,6,5,6,2,6,0
2017-06-03,50,37,18,21,2,5,0,2,4,1
2017-06-04,37,28,18,14,5,1,2,7,4,2
2017-06-05,37,31,11,19,6,7,4,2,6,3
2017-06-06,58,44,14,23,13,6,3,4,5,0
2017-06-07,49,46,21,27,8,2,6,4,5,2
2017-06-08,52,47,21,23,3,6,6,4,2,1
2017-06-09,34,34,18,19,9,6,11,6,5,2
2017-06-10,48,34,15,10,9,7,4,1,3,3
2017-06-11,47,42,14,16,7,6,1,2,2,0
2017-06-12,45,29,23,19,7,1,5,3,2,1
2017-06-13,48,39,23,13,8,6,4,4,6,4
2017-06-14,56,44,23,26,9,6,8,6,2,4
2017-06-15,56,43,22,19,3,9,9,3,5,4
2017-06-16,49,50,20,23,8,3,7,3,2,2
2017-06-17,39,31,20,32,4,5,6,3,1,0
2017-06-18,35,23,16,37,8,3,6,3,1,1
2017-06-19,46,33,20,16,11,7,8,1,5,0
2017-06-20,61,42,17,11,8,1,6,6,9,2
2017-06-21,41,32,20,24,7,9,6,1,8,3
2017-06-22,49,45,28,25,6,4,8,4,5,5
2017-06-23,54,44,21,22,5,3,4,5,6,4
2017-06-24,42,41,18,15,8,7,2,2,4,2
2017-06-25,37,29,11,19,6,0,6,1,4,3
2017-06-26,43,27,26,20,7,5,2,2,2,2
2017-06-27,49,48,16,12,7,1,6,3,4,6
2017-06-28,44,40,18,25,9,7,10,4,7,1
2017-06-29,50,44,20,22,10,5,4,4,4,1
2017-06-30,47,44,23,32,6,4,2,4,5,1
2017-07-01,40,27,22,34,8,2,4,0,2,1
2017-07-02,43,29,22,21,7,5,2,3,4,0
2017-07-03,29,39,21,26,11,4,2,1,3,1
2017-07-04,46,28,29,22,4,6,5,1,4,2
2017-07-05,46,27,15,22,5,5,2,2,4,3
2017-07-06,46,33,27,23,5,4,3,2,8,1
2017-07-07,53,24,31,23,11,9,5,1,10,2
2017-07-08,42,45,29,18,8,6,4,4,8,0
2017-07-09,38,33,18,27,6,4,5,3,6,1
2017-07-10,44,29,15,31,7,8,8,1,4,2
2017-07-11,38,46,26,30,6,6,8,5,8,6
2017-07-12,46,39,8,25,14,7,3,5,7,1
2017-07-13,41,31,26,29,7,5,3,2,2,2
2017-07-14,55,36,25,26,4,4,3,4,4,1
2017-07-15,54,38,25,24,3,4,4,0,6,1
2017-07-16,36,34,25,18,2,5,2,3,9,0
2017-07-17,54,27,19,24,5,2,5,6,6,2
2017-07-18,55,37,22,26,9,3,7,3,4,0
2017-07-19,46,44,34,20,6,5,3,4,5,1
2017-07-20,50,39,18,26,4,1,3,3,2,3
2017-07-21,43,51,24,24,9,1,8,1,3,5
2017-07-22,50,41,31,14,7,3,4,2,3,2
2017-07-23,43,26,16,22,7,4,5,3,6,2
2017-07-24,36,34,12,26,6,6,7,3,5,2
2017-07-25,53,37,11,30,11,5,5,1,6,1
2017-07-26,37,42,19,28,8,3,4,2,7,2
2017-07-27,43,43,35,22,8,1,3,2,3,1
2017-07-28,47,42,19,25,9,7,5,1,1,1
2017-07-29,40,24,11,33,6,7,2,1,4,1
2017-07-30,24,27,21,11,4,1,3,2,3,1
2017-07-31,39,32,12,23,5,9,5,3,5,3
2017-08-01,33,36,23,20,7,5,5,3,2,1
2017-08-02,38,58,16,32,3,5,3,1,5,1
2017-08-03,51,41,10,23,6,6,12,5,2,2
2017-08-04,57,46,20,21,5,7,6,4,5,1
2017-08-05,45,41,17,17,8,6,5,1,8,0
2017-08-06,34,35,24,23,3,5,8,4,4,1
2017-08-07,46,48,15,15,3,7,7,4,9,1
2017-08-08,54,31,24,22,10,7,5,4,8,6
2017-08-09,55,41,11,15,9,5,4,3,7,2
2017-08-10,48,33,23,24,6,6,7,4,5,5
2017-08-11,44,40,21,19,8,4,8,1,3,0
2017-08-12,40,34,18,26,5,5,5,2,7,1
2017-08-13,28,34,12,22,9,2,4,2,5,1
2017-08-14,40,32,14,15,11,5,8,8,4,4
2017-08-15,38,46,14,22,9,5,10,5,5,2
2017-08-16,42,32,14,15,14,4,12,5,5,2
2017-08-17,46,44,18,23,5,2,6,3,2,3
2017-08-18,54,21,7,12,10,7,3,5,6,1
2017-08-19,29,30,14,14,7,2,7,2,3,1
2017-08-20,35,33,9,19,4,2,6,6,8,0
2017-08-21,46,44,15,17,6,4,5,4,3,2
2017-08-22,44,56,20,16,13,5,8,6,4,1
2017-08-23,48,36,20,27,9,4,2,6,3,1
2017-08-24,49,41,26,11,9,9,5,7,3,5
2017-08-25,50,42,14,20,4,6,4,5,4,4
2017-08-26,35,41,14,23,10,5,5,2,2,2
2017-08-27,42,28,7,23,6,2,4,5,2,3
2017-08-28,29,31,18,8,3,5,7,4,2,1
2017-08-29,44,47,18,11,9,6,6,3,5,1
2017-08-30,39,36,9,23,12,9,4,4,3,1
2017-08-31,57,56,22,18,4,5,2,11,6,4
2017-09-01,40,43,13,15,9,6,8,1,0,4
2017-09-02,35,38,18,25,8,3,4,0,4,5
2017-09-03,27,27,14,25,6,5,7,3,5,1
2017-09-04,43,42,22,13,10,4,10,6,3,1
2017-09-05,48,36,13,11,9,3,4,1,4,1
2017-09-06,47,41,16,14,9,3,4,4,4,2
2017-09-07,53,44,17,13,12,2,7,3,6,2
2017-09-08,44,32,19,16,8,6,12,4,5,0
2017-09-09,40,37,11,11,6,0,4,1,5,2
2017-09-10,31,26,18,7,12,2,5,3,0,1
2017-09-11,29,47,16,16,9,4,7,3,8,2
2017-09-12,61,48,18,16,7,8,14,4,2,1
2017-09-13,50,42,23,15,10,5,9,7,5,8
2017-09-14,39,46,18,15,12,10,7,6,5,2
2017-09-15,45,37,8,16,8,1,8,1,4,2
2017-09-16,42,50,25,17,5,1,4,2,2,3
2017-09-17,28,21,18,21,6,1,4,1,1,4
2017-09-18,43,47,8,33,8,6,7,5,2,4
2017-09-19,50,43,13,22,10,6,11,3,8,4
2017-09-20,53,40,38,27,10,4,6,2,2,3
2017-09-21,47,44,21,13,13,2,10,1,3,3
2017-09-22,50,42,11,16,5,7,10,5,7,1
2017-09-23,51,40,19,16,2,6,9,3,3,2
2017-09-24,38,27,32,18,6,5,5,1,4,1
2017-09-25,40,49,19,14,10,3,2,3,3,2
2017-09-26,48,40,11,27,4,8,4,6,7,6
2017-09-27,47,35,18,11,4,2,7,2,2,2
2017-09-28,47,45,26,25,10,3,5,1,4,4
2017-09-29,56,42,18,19,3,8,9,5,3,1
2017-09-30,38,36,19,13,7,5,7,1,4,3
2017-10-01,33,36,10,26,6,2,5,2,3,3
2017-10-02,33,44,31,29,8,7,3,3,3,4
2017-10-03,37,50,12,10,8,3,8,4,6,3
2017-10-04,51,45,18,10,5,3,7,5,4,2
2017-10-05,61,41,12,17,12,8,7,3,4,1
2017-10-06,48,59,10,10,7,8,3,6,1,2
2017-10-07,41,48,7,15,7,7,6,5,3,0
2017-10-08,48,22,17,27,2,7,4,4,3,3
2017-10-09,44,46,17,14,10,3,6,1,5,2
2017-10-10,52,50,14,27,8,2,9,5,5,1
2017-10-11,43,50,18,21,14,4,7,2,8,3
2017-10-12,51,43,11,13,2,7,9,6,3,3
2017-10-13,44,41,15,12,8,7,6,3,5,5
2017-10-14,46,20,18,22,3,4,5,0,3,0
2017-10-15,40,32,29,28,5,6,5,3,6,3
2017-10-16,56,41,31,22,9,2,10,2,6,4
2017-10-17,52,63,31,21,3,6,6,6,6,2
2017-10-18,38,46,22,22,11,6,2,0,10,2
2017-10-19,48,55,17,27,5,9,5,3,7,4
2017-10-20,52,51,24,15,14,5,5,3,2,2
2017-10-21,58,32,20,21,7,7,4,5,4,1
2017-10-22,48,25,14,17,8,3,6,3,1,2
2017-10-23,48,41,20,16,9,5,3,3,5,1
2017-10-24,61,47,24,23,5,10,5,3,4,2
2017-10-25,49,44,26,31,6,7,4,5,3,3
2017-10-26,55,39,23,19,3,4,10,0,3,1
2017-10-27,54,41,21,18,7,11,7,2,5,2
2017-10-28,39,37,21,15,7,5,3,4,3,2
2017-10-29,39,30,7,19,6,2,6,5,3,4
2017-10-30,46,49,21,21,14,6,7,1,5,2
2017-10-31,45,51,18,30,10,6,5,7,4,3
2017-11-01,48,52,25,26,13,3,9,1,2,2
2017-11-02,56,36,15,12,11,8,7,4,3,2
2017-11-03,46,45,15,15,6,11,6,5,5,3
2017-11-04,59,42,23,10,4,6,6,2,3,2
2017-11-05,40,41,30,23,7,3,4,5,6,2
2017-11-06,34,38,28,21,8,6,12,1,6,4
2017-11-07,69,52,19,23,6,7,11,8,3,4
2017-11-08,54,55,14,18,7,6,2,3,3,5
2017-11-09,47,52,44,9,5,3,9,3,2,3
2017-11-10,37,53,35,19,7,6,4,2,5,3
2017-11-11,53,45,31,19,11,5,4,9,5,1
2017-11-12,56,44,12,23,4,3,6,1,5,3
2017-11-13,60,50,20,19,5,3,7,4,3,1
2017-11-14,53,57,25,22,5,5,6,3,0,2
2017-11-15,57,65,27,27,10,11,10,6,4,1
2017-11-16,55,59,19,14,14,9,14,8,5,5
2017-11-17,61,51,36,15,10,12,4,1,7,2
2017-11-18,52,43,24,39,6,11,4,3,5,0
2017-11-19,50,38,20,19,5,2,11,5,4,3
2017-11-20,47,44,20,32,6,11,6,4,5,3
2017-11-21,65,56,40,35,10,9,11,5,5,7
2017-11-22,62,55,31,10,5,6,12,3,4,3
2017-11-23,52,46,20,18,13,9,7,8,4,2
2017-11-24,44,37,24,9,6,6,1,2,0,0
2017-11-25,38,39,25,15,10,5,4,2,2,4
2017-11-26,45,32,31,16,4,6,5,3,5,2
2017-11-27,46,54,14,14,8,7,9,2,9,3
2017-11-28,57,44,27,14,11,7,5,2,8,2
2017-11-29,54,44,22,27,5,10,3,2,4,2
2017-11-30,58,55,23,15,12,5,2,0,2,2
2017-12-01,50,44,25,29,8,7,6,3,1,1
2017-12-02,34,48,16,10,5,6,12,5,1,5
2017-12-03,43,48,22,26,3,5,6,0,3,3
2017-12-04,51,47,24,21,6,13,13,3,6,1
2017-12-05,71,57,41,30,11,9,10,3,4,2
2017-12-06,60,35,35,28,14,5,5,3,5,2
2017-12-07,51,40,19,23,9,15,10,10,2,3
2017-12-08,49,52,26,16,6,3,3,9,3,1
2017-12-09,58,40,29,19,10,10,4,3,3,0
2017-12-10,45,35,21,19,7,0,5,2,1,1
2017-12-11,38,40,21,15,11,3,12,2,3,1
2017-12-12,55,57,22,19,10,11,7,2,2,2
2017-12-13,47,63,18,22,8,7,2,2,2,2
2017-12-14,48,44,21,20,11,10,7,3,3,4
2017-12-15,31,40,19,14,5,5,5,6,6,2
2017-12-16,44,42,21,18,8,13,9,5,3,1
2017-12-17,46,46,22,26,7,4,9,2,1,0
2017-12-18,66,39,15,16,7,9,4,1,0,2
2017-12-19,47,51,30,23,4,4,7,2,3,2
2017-12-20,46,50,37,32,14,3,6,2,4,2
2017-12-21,43,37,29,29,6,4,8,1,6,0
2017-12-22,52,47,45,34,9,5,10,7,3,1
2017-12-23,37,28,21,30,8,4,4,5,3,0
2017-12-24,26,39,25,22,2,4,8,5,3,1
2017-12-25,37,39,32,22,3,8,7,1,3,4
2017-12-26,39,29,30,31,7,6,6,2,4,5
2017-12-27,33,40,37,21,8,8,2,6,7,1
2017-12-28,44,39,42,23,5,8,4,2,2,3
2017-12-29,48,56,40,21,12,4,5,4,7,1
2017-12-30,67,48,24,16,14,8,2,3,2,1
2017-12-31,50,37,27,25,6,5,4,0,8,0
2018-01-01,48,27,26,22,8,2,2,3,2,4
2018-01-02,33,27,39,11,12,7,4,1,1,3
2018-01-03,57,49,31,23,13,13,5,4,0,1
2018-01-04,55,54,25,23,8,8,15,3,6,2
2018-01-05,62,48,33,18,8,9,7,4,3,1
2018-01-06,52,49,49,27,10,8,6,4,3,0
2018-01-07,41,47,37,23,6,7,5,2,6,0
2018-01-08,47,47,34,16,5,5,14,6,9,4
2018-01-09,61,46,49,26,10,6,7,4,3,3
2018-01-10,65,49,36,25,8,9,6,3,1,2
2018-01-11,63,59,29,21,8,10,11,8,2,5
2018-01-12,68,60,35,23,15,19,8,4,2,11
2018-01-13,67,68,31,22,9,12,5,8,6,8
2018-01-14,51,53,24,37,7,5,5,3,3,3
2018-01-15,58,50,33,35,11,3,6,8,5,1
2018-01-16,69,56,38,21,11,6,11,4,2,4
2018-01-17,73,54,35,24,12,4,5,2,9,4
2018-01-18,75,79,34,25,12,5,3,4,2,6
2018-01-19,81,67,39,19,19,5,6,3,3,2
2018-01-20,60,47,28,25,12,14,7,5,7,3
2018-01-21,48,57,23,41,11,10,8,1,3,0
2018-01-22,51,60,33,27,8,5,15,3,3,6
2018-01-23,65,69,29,29,12,14,12,6,3,4
2018-01-24,62,61,33,18,9,9,10,3,3,3
2018-01-25,63,40,34,19,12,5,2,7,6,1
2018-01-26,78,64,43,19,7,11,10,5,5,5
2018-01-27,71,57,30,20,10,7,13,4,6,2
2018-01-28,54,52,37,24,10,6,5,2,6,3
2018-01-29,68,54,35,18,13,7,8,3,2,3
2018-01-30,66,60,63,23,10,9,17,6,4,7
2018-01-31,56,64,47,26,7,8,6,4,5,3
2018-02-01,68,62,32,15,15,5,12,7,5,3
2018-02-02,78,65,36,23,14,7,9,8,1,5
2018-02-03,57,47,42,24,9,1,10,5,4,1
2018-02-04,57,45,38,21,8,12,5,0,3,0
2018-02-05,58,63,35,36,9,8,2,3,3,0
2018-02-06,70,54,27,32,11,12,16,9,3,4
2018-02-07,72,59,38,18,20,10,9,4,8,3
2018-02-08,63,68,45,22,12,5,10,7,5,5
2018-02-09,59,56,33,16,9,13,9,5,6,7
2018-02-10,68,46,25,21,7,7,10,3,5,3
2018-02-11,51,38,27,32,15,7,8,4,4,5
2018-02-12,62,51,34,29,9,13,25,5,7,2
2018-02-13,72,66,29,39,12,10,17,3,3,6
2018-02-14,73,66,24,26,17,7,16,6,4,6
2018-02-15,59,61,34,24,6,19,10,4,3,6
2018-02-16,56,47,32,29,10,8,8,2,3,4
2018-02-17,55,46,38,23,12,13,5,0,3,2
2018-02-18,55,44,24,25,13,6,10,1,7,0
2018-02-19,62,50,21,18,13,9,6,2,4,4
2018-02-20,85,66,56,34,17,7,7,6,8,3
2018-02-21,62,68,38,24,19,6,0,3,4,5
2018-02-22,66,50,39,20,15,5,8,2,1,4
2018-02-23,70,44,52,21,14,12,10,2,5,5
2018-02-24,55,54,35,17,10,6,6,1,2,2
2018-02-25,44,38,20,22,5,8,11,3,0,3
2018-02-26,59,49,38,22,2,7,11,3,3,3
2018-02-27,86,57,58,30,7,9,5,5,4,2
2018-02-28,64,55,39,19,16,7,6,1,2,1
2018-03-01,58,59,34,14,11,6,8,3,2,6
2018-03-02,56,51,19,17,6,9,9,4,1,1
2018-03-03,46,47,43,28,10,10,11,4,4,5
2018-03-04,47,42,37,35,10,6,10,1,2,4
2018-03-05,48,53,21,32,14,6,9,0,7,1
2018-03-06,62,54,14,26,10,5,12,8,5,3
2018-03-07,57,56,33,22,13,10,15,3,2,0
2018-03-08,60,53,37,27,12,10,9,7,1,4
2018-03-09,57,59,30,29,10,7,4,5,0,1
2018-03-10,52,45,27,22,9,6,8,3,3,3
2018-03-11,60,35,42,32,12,6,8,3,0,2
2018-03-12,49,54,31,17,9,6,9,4,6,1
2018-03-13,57,60,35,21,9,6,11,4,3,0
2018-03-14,67,50,29,29,15,8,11,6,5,0
2018-03-15,71,41,31,22,7,11,6,4,4,3
2018-03-16,58,51,28,14,10,13,6,2,4,2
2018-03-17,52,52,29,20,12,5,4,8,2,2
2018-03-18,54,49,36,23,8,6,9,0,4,2
2018-03-19,54,37,33,32,5,12,14,3,3,3
2018-03-20,62,42,28,22,15,7,6,5,5,2
2018-03-21,66,51,43,26,10,6,4,7,6,4
2018-03-22,69,31,36,31,13,5,2,7,5,6
2018-03-23,73,47,17,25,12,3,10,2,3,4
2018-03-24,62,48,37,15,6,6,3,8,1,0
2018-03-25,66,44,35,20,6,4,13,3,4,5
2018-03-26,70,45,25,40,14,5,7,2,1,0
2018-03-27,72,63,29,13,16,7,9,5,5,8
2018-03-28,58,48,40,15,12,9,8,7,0,2
2018-03-29,57,51,44,27,13,11,5,3,6,2
2018-03-30,62,50,38,26,8,11,6,9,8,6
2018-03-31,70,43,40,13,10,3,9,3,0,2
2018-04-01,53,42,38,27,11,6,7,4,0,4
2018-04-02,47,65,22,25,13,8,5,3,4,6
2018-04-03,55,55,40,17,7,15,12,2,1,4
2018-04-04,63,52,32,24,10,7,5,4,5,3
2018-04-05,70,45,32,15,15,12,9,9,7,4
2018-04-06,70,55,42,37,15,11,6,4,8,1
2018-04-07,59,49,32,30,8,14,8,2,4,1
2018-04-08,62,46,26,24,12,2,6,2,4,3
2018-04-09,66,48,22,18,12,12,11,2,3,1
2018-04-10,65,53,39,24,17,10,12,6,7,4
2018-04-11,66,43,27,17,12,13,11,6,5,2
2018-04-12,78,47,22,27,9,6,9,7,3,3
2018-04-13,60,62,30,12,20,5,6,3,3,4
2018-04-14,59,50,27,27,14,5,4,6,2,2
2018-04-15,41,33,29,22,10,11,4,4,3,3
2018-04-16,50,54,53,32,10,13,11,7,4,2
2018-04-17,64,52,30,28,7,8,11,8,4,5
2018-04-18,57,63,47,26,18,10,9,7,6,1
2018-04-19,52,53,41,21,13,12,8,3,4,2
2018-04-20,48,55,37,21,10,10,8,1,4,2
2018-04-21,50,51,40,17,9,6,9,7,4,4
2018-04-22,67,55,28,21,5,5,8,3,4,3
2018-04-23,58,73,25,26,15,10,5,6,3,6
2018-04-24,61,63,29,25,6,9,12,8,10,1
2018-04-25,62,45,36,28,16,7,7,5,6,3
2018-04-26,68,54,39,20,10,12,4,5,3,4
2018-04-27,50,55,25,25,13,5,8,2,3,2
2018-04-28,75,44,24,27,12,6,9,8,2,3
2018-04-29,57,45,13,29,8,3,9,2,6,2
2018-04-30,55,46,27,23,12,10,9,2,3,3
2018-05-01,45,40,26,23,8,6,8,3,7,6
2018-05-02,56,44,18,21,10,5,4,3,0,2
2018-05-03,75,41,22,15,13,7,3,1,4,4
2018-05-04,53,43,28,19,7,7,10,3,5,2
2018-05-05,69,36,35,29,11,7,6,0,2,2
2018-05-06,46,35,34,21,11,1,5,7,5,3
2018-05-07,58,26,28,18,8,4,9,3,5,1
2018-05-08,62,58,18,21,13,11,8,5,1,3
2018-05-09,51,41,27,22,12,9,8,3,4,3
2018-05-10,54,54,27,8,7,8,5,3,5,2
2018-05-11,53,59,22,16,12,11,7,6,6,3
2018-05-12,48,45,33,25,7,13,12,2,6,3
2018-05-13,33,36,29,22,13,2,7,4,1,3
2018-05-14,52,47,42,24,15,7,11,3,4,4
2018-05-15,58,39,27,24,9,8,7,2,2,5
2018-05-16,51,60,35,19,8,12,6,3,1,6
2018-05-17,59,54,34,25,15,13,7,6,4,2
2018-05-18,61,55,32,17,12,11,5,3,0,5
2018-05-19,54,56,29,14,14,9,10,3,4,4
2018-05-20,56,44,14,25,6,8,3,1,1,1
2018-05-21,59,54,21,16,16,6,6,1,9,5
2018-05-22,54,60,26,20,10,5,8,4,1,0
2018-05-23,58,41,36,22,19,10,5,3,2,3
2018-05-24,60,42,23,17,15,12,4,4,3,2
2018-05-25,52,37,28,20,15,6,4,3,3,7
2018-05-26,37,38,19,14,12,8,5,5,5,2
2018-05-27,53,43,31,9,14,8,4,1,1,3
2018-05-28,49,37,27,23,11,11,5,6,1,1
2018-05-29,59,46,34,24,10,9,7,7,4,3
2018-05-30,60,46,21,22,16,4,10,4,4,4
2018-05-31,69,51,32,24,16,11,2,5,4,4
2018-06-01,50,57,47,13,20,12,7,6,3,1
2018-06-02,43,52,38,25,9,4,10,4,1,4
2018-06-03,54,52,23,22,16,8,8,7,4,6
2018-06-04,45,49,37,27,9,14,11,7,1,5
2018-06-05,88,56,29,36,7,17,7,3,3,6
2018-06-06,78,45,38,32,13,13,6,4,5,5
2018-06-07,66,50,39,23,17,8,8,10,6,6
2018-06-08,71,58,30,24,9,13,10,8,1,6
2018-06-09,67,53,29,22,10,13,11,3,7,4
2018-06-10,49,41,27,19,7,16,10,12,6,1
2018-06-11,59,37,29,21,11,11,10,5,3,3
2018-06-12,59,44,32,22,6,9,13,3,1,2
2018-06-13,67,50,39,21,22,10,8,13,4,3
2018-06-14,58,44,31,26,10,17,10,5,6,5
2018-06-15,55,56,36,24,17,7,20,8,5,5
2018-06-16,54,54,35,20,19,12,8,4,3,1
2018-06-17,50,35,27,38,11,12,8,4,4,4
2018-06-18,58,25,34,25,19,13,11,5,2,4
2018-06-19,66,52,37,23,15,17,9,2,4,7
2018-06-20,76,42,48,18,11,18,8,10,3,6
2018-06-21,88,37,27,16,11,14,9,6,2,9
2018-06-22,48,53,26,19,12,13,13,4,5,5
2018-06-23,73,55,29,18,10,20,9,5,4,5
2018-06-24,43,36,28,10,14,13,10,4,4,6
2018-06-25,53,39,29,21,8,14,6,7,2,3
2018-06-26,68,57,37,21,11,3,11,5,1,5
2018-06-27,59,56,38,21,15,12,11,6,3,4
2018-06-28,59,33,41,25,18,12,21,5,5,6
2018-06-29,64,46,34,20,15,12,3,6,3,3
2018-06-30,73,48,35,17,16,11,10,5,3,5
2018-07-01,59,42,18,28,11,12,12,2,3,6
2018-07-02,56,46,33,27,14,21,11,5,2,5
2018-07-03,65,47,31,27,22,15,9,7,2,5
2018-07-04,47,51,29,29,17,15,15,4,2,3
2018-07-05,49,46,20,16,19,8,9,4,2,4
2018-07-06,59,51,43,19,17,8,10,5,4,3
2018-07-07,70,46,42,16,12,13,6,5,6,8
2018-07-08,63,30,30,29,13,17,8,8,4,8
2018-07-09,62,48,28,30,21,18,11,4,1,8
2018-07-10,87,55,51,28,27,11,10,5,4,6
2018-07-11,60,46,63,30,17,16,16,8,1,5
2018-07-12,60,35,33,13,20,10,10,12,6,5
2018-07-13,72,49,29,13,18,17,6,8,2,6
2018-07-14,82,54,50,23,14,7,9,5,3,8
2018-07-15,77,37,32,28,14,13,14,4,2,7
2018-07-16,62,42,18,30,20,12,9,6,0,5
2018-07-17,64,45,26,24,12,14,13,7,5,9
2018-07-18,74,61,34,28,21,17,10,10,4,13
2018-07-19,69,51,33,20,15,15,10,8,4,5
2018-07-20,63,43,29,32,14,20,10,6,7,11
2018-07-21,65,50,41,25,17,11,5,14,6,7
2018-07-22,67,56,57,29,13,30,17,8,5,3
2018-07-23,75,57,29,36,13,7,5,11,4,6
2018-07-24,64,58,26,25,10,21,20,10,4,12
2018-07-25,68,56,27,27,13,28,15,9,3,6
2018-07-26,70,53,30,19,14,20,16,7,4,12
2018-07-27,78,36,40,17,12,21,16,10,3,13
2018-07-28,64,64,41,26,10,13,11,8,2,7
2018-07-29,54,33,31,27,15,18,9,6,2,3
2018-07-30,77,62,56,34,16,13,9,6,3,6
2018-07-31,71,57,36,18,14,12,14,10,3,9
2018-08-01,72,50,44,21,17,19,8,6,5,9
2018-08-02,81,57,44,27,21,12,9,8,4,12
2018-08-03,82,52,46,26,13,21,12,11,6,6
2018-08-04,82,50,37,20,21,6,6,4,6,7
2018-08-05,60,43,37,21,17,14,8,5,3,7
2018-08-06,72,41,47,33,20,13,4,3,6,10
2018-08-07,92,63,32,21,26,15,10,6,4,11
2018-08-08,63,53,55,25,18,22,11,15,2,4
2018-08-09,63,58,64,21,11,18,8,9,6,11
2018-08-10,80,67,48,23,14,22,17,4,7,10
2018-08-11,66,53,33,26,19,10,10,8,8,12
2018-08-12,74,40,29,25,16,20,6,6,3,2
2018-08-13,67,59,39,20,17,14,6,13,5,4
2018-08-14,96,59,32,21,13,17,15,6,4,9
2018-08-15,80,60,40,28,18,20,19,5,3,10
2018-08-16,76,57,43,24,14,11,11,9,1,11
2018-08-17,75,52,63,29,16,14,18,5,7,5
2018-08-18,64,56,44,24,14,13,15,5,3,7
2018-08-19,60,40,37,18,15,14,16,9,2,4
2018-08-20,67,47,22,31,10,13,16,5,2,4
2018-08-21,71,45,43,25,19,9,11,6,6,7
2018-08-22,77,39,49,12,11,15,10,11,4,6
2018-08-23,68,63,36,35,11,12,9,10,4,7
2018-08-24,68,65,43,36,22,7,6,9,3,7
2018-08-25,71,48,36,25,21,22,7,8,4,8
2018-08-26,61,51,30,20,11,15,11,3,5,6
2018-08-27,57,49,48,33,16,6,15,2,4,5
2018-08-28,59,61,40,40,24,16,12,5,5,10
2018-08-29,90,48,33,24,13,19,8,8,4,6
2018-08-30,76,58,37,20,12,18,8,2,6,9
2018-08-31,79,56,53,21,16,23,11,5,2,9
2018-09-01,79,49,51,35,13,11,11,8,4,5
2018-09-02,55,48,38,18,20,15,15,7,3,5
2018-09-03,65,51,36,33,15,16,18,5,3,7
2018-09-04,94,64,49,19,15,17,14,10,3,8
2018-09-05,72,55,42,30,19,14,20,9,2,6
2018-09-06,87,58,28,22,20,13,20,8,3,11
2018-09-07,80,59,34,31,21,7,5,7,5,4
2018-09-08,68,52,24,29,9,12,15,6,2,7
2018-09-09,57,49,30,22,9,13,6,11,4,9
2018-09-10,91,43,31,19,17,18,15,7,2,6
2018-09-11,59,48,42,21,8,19,13,4,6,6
2018-09-12,76,58,34,28,10,15,8,3,7,8
2018-09-13,70,48,36,20,18,25,11,13,1,14
2018-09-14,76,44,44,19,18,14,13,3,8,7
2018-09-15,48,53,42,24,22,11,4,7,2,3
2018-09-16,59,28,28,15,12,15,10,5,7,8
2018-09-17,68,59,24,25,16,13,17,11,6,6
2018-09-18,68,57,35,21,15,19,15,11,4,9
2018-09-19,64,43,38,15,11,15,7,13,2,5
2018-09-20,85,48,43,35,13,26,13,3,6,6
2018-09-21,64,43,44,21,16,20,6,5,3,10
2018-09-22,60,41,43,30,19,16,7,8,4,9
2018-09-23,81,43,39,23,25,14,10,5,2,5
