,DMing,5th Edition,Art,OC,Mod Post,Game Tales,Misc,Homebrew,Out of Game,Resources
2017-02-01,530,828,529,117,0,0,0,159,0,0
2017-02-02,620,540,146,554,0,0,0,439,0,0
2017-02-03,813,350,126,486,0,0,0,62,0,0
2017-02-04,662,234,247,41,0,0,0,33,0,0
2017-02-05,125,363,198,184,0,0,0,7,0,0
2017-02-06,86,544,83,639,0,0,0,69,0,0
2017-02-07,222,903,406,336,1385,0,0,50,0,0
2017-02-08,446,394,188,580,0,0,0,23,0,0
2017-02-09,570,676,104,280,0,0,0,34,0,0
2017-02-10,393,556,81,391,0,0,0,71,0,0
2017-02-11,867,613,142,205,0,0,0,5,0,0
2017-02-12,518,339,35,462,0,18,0,11,301,27
2017-02-13,243,553,113,384,0,166,80,84,598,32
2017-02-14,503,611,9,563,1296,311,369,30,166,706
2017-02-15,601,620,119,532,0,23,58,46,161,22
2017-02-16,303,414,16,272,0,511,115,83,187,65
2017-02-17,272,468,41,256,0,281,1046,20,0,0
2017-02-18,307,469,10,452,0,23,2,37,0,0
2017-02-19,68,315,64,495,0,41,11,36,498,8
2017-02-20,394,248,409,194,0,50,3,28,140,25
2017-02-21,377,470,136,68,1387,382,826,156,123,127
2017-02-22,447,505,234,187,0,385,735,291,102,201
2017-02-23,837,611,119,190,0,155,179,42,293,27
2017-02-24,673,630,120,232,0,44,96,94,744,490
2017-02-25,441,344,770,318,0,10,107,30,163,190
2017-02-26,926,280,96,279,0,84,103,81,178,1
2017-02-27,218,503,179,512,0,299,49,61,1,12
2017-02-28,480,379,166,284,1233,145,14,78,260,175
2017-03-01,434,624,170,575,0,78,135,101,187,47
2017-03-02,659,957,167,298,0,316,150,66,87,65
2017-03-03,417,689,79,951,0,121,58,30,143,74
2017-03-04,563,302,51,298,0,40,19,25,5,0
2017-03-05,354,402,219,356,0,0,0,32,1,0
2017-03-06,923,353,17,505,0,277,22,61,21,105
2017-03-07,521,300,178,704,1425,165,240,41,484,9
2017-03-08,506,359,176,372,0,872,151,30,258,148
2017-03-09,404,462,74,318,0,567,282,101,26,54
2017-03-10,424,391,192,520,0,311,0,33,47,40
2017-03-11,499,223,190,408,0,90,16,8,11,24
2017-03-12,138,423,203,275,0,34,0,27,0,0
2017-03-13,138,406,390,114,0,139,48,47,480,409
2017-03-14,780,333,61,410,1456,41,101,75,342,586
2017-03-15,780,741,509,295,0,58,13,34,50,44
2017-03-16,248,642,152,584,0,183,6,26,33,157
2017-03-17,788,489,112,310,0,593,62,7,69,14
2017-03-18,203,310,182,405,0,287,11,1,17,202
2017-03-19,160,326,226,394,0,5,2,23,3,0
2017-03-20,251,611,231,355,0,33,0,26,8,0
2017-03-21,823,301,418,127,1450,12,15,17,0,14
2017-03-22,283,319,134,268,0,111,44,14,0,1
2017-03-23,494,326,36,218,0,9,95,5,7,6
2017-03-24,353,526,212,774,0,4,1,25,175,2
2017-03-25,311,213,96,275,0,121,2,9,0,21
2017-03-26,198,288,152,829,0,2,11,11,4,5
2017-03-27,936,313,263,219,0,115,41,46,250,98
2017-03-28,339,573,70,308,0,49,123,7,361,119
2017-03-29,686,346,125,362,0,590,61,125,197,193
2017-03-30,736,552,381,117,0,468,66,39,197,60
2017-03-31,452,620,450,431,0,378,46,25,65,37
2017-04-01,376,274,62,224,0,4,8,24,0,133
2017-04-02,167,311,221,147,0,231,49,2,123,0
2017-04-03,693,276,93,141,0,155,377,80,0,127
2017-04-04,598,945,212,242,1897,109,133,218,81,8
2017-04-05,603,420,369,445,0,2,257,42,205,36
2017-04-06,1453,645,125,215,0,616,22,53,0,111
2017-04-07,307,567,1076,140,0,68,30,189,6,33
2017-04-08,397,425,90,601,0,20,22,22,100,36
2017-04-09,444,435,251,416,0,30,237,21,9,2
2017-04-10,2655,419,112,523,0,6,7,18,50,0
2017-04-11,418,367,118,405,1308,117,11,56,14,9
2017-04-12,353,918,114,322,0,45,35,22,325,29
2017-04-13,875,452,354,119,0,106,35,36,0,0
2017-04-14,881,474,144,424,0,19,0,67,32,13
2017-04-15,513,374,69,343,0,94,8,42,0,5
2017-04-16,420,215,253,327,0,47,6,101,0,5
2017-04-17,887,979,205,181,0,30,67,23,496,29
2017-04-18,700,1126,115,88,1777,188,31,61,183,253
2017-04-19,587,391,341,377,0,286,33,122,192,160
2017-04-20,454,638,422,157,0,135,254,108,147,2
2017-04-21,262,542,651,192,0,0,623,78,37,66
2017-04-22,324,499,270,133,20,1,64,130,16,4
2017-04-23,204,650,229,182,0,1,2,42,26,11
2017-04-24,452,407,408,309,0,26,95,31,204,29
2017-04-25,1326,552,236,309,1435,227,27,401,43,509
2017-04-26,555,371,504,90,0,113,87,88,12,421
2017-04-27,603,561,260,162,0,647,576,1007,147,53
2017-04-28,399,530,222,463,0,234,233,114,533,140
2017-04-29,750,283,46,363,0,84,52,29,0,16
2017-04-30,238,435,209,488,0,51,70,14,39,51
2017-05-01,534,314,243,149,0,27,94,45,35,30
2017-05-02,1262,673,1117,203,1712,391,70,55,102,102
2017-05-03,443,642,234,291,0,222,243,61,232,15
2017-05-04,925,504,323,251,0,16,55,96,46,72
2017-05-05,424,545,361,454,0,139,192,82,143,127
2017-05-06,393,505,137,356,0,39,164,80,126,17
2017-05-07,357,502,97,544,0,1,25,23,0,8
2017-05-08,521,531,150,930,0,261,231,103,23,12
2017-05-09,330,504,67,676,1661,393,243,64,213,43
2017-05-10,540,452,189,502,0,269,95,53,61,115
2017-05-11,485,424,329,515,0,277,472,112,187,480
2017-05-12,522,552,573,152,0,255,38,43,525,15
2017-05-13,473,545,100,194,0,573,159,38,0,10
2017-05-14,429,310,633,173,0,21,394,31,0,1
2017-05-15,563,416,267,168,0,70,67,22,150,317
2017-05-16,1317,725,212,312,1733,92,164,55,233,11
2017-05-17,794,703,280,417,0,23,808,39,117,32
2017-05-18,1084,502,112,656,0,23,35,231,28,60
2017-05-19,1586,284,128,235,0,254,180,49,0,31
2017-05-20,485,281,214,631,0,21,113,37,44,90
2017-05-21,514,261,246,462,0,14,12,40,9,16
2017-05-22,866,318,92,625,0,55,0,38,1,0
2017-05-23,428,407,288,480,1451,170,56,11,7,6
2017-05-24,927,597,89,150,0,363,1357,58,114,68
2017-05-25,506,436,17,112,0,311,219,66,77,261
2017-05-26,957,594,76,311,0,46,474,64,69,16
2017-05-27,791,363,98,208,0,8,32,106,1,3
2017-05-28,345,400,402,301,0,12,68,93,40,0
2017-05-29,871,308,169,204,0,183,6,40,19,14
2017-05-30,606,494,95,571,1608,63,120,19,63,102
2017-05-31,619,834,146,583,0,54,5,62,180,13
2017-06-01,848,675,289,376,0,82,224,55,2,34
2017-06-02,715,874,535,369,0,13,61,41,0,21
2017-06-03,564,991,118,217,0,0,23,7,0,10
2017-06-04,390,572,178,194,0,0,9,56,11,59
2017-06-05,328,504,70,296,0,7,64,24,4,9
2017-06-06,1278,1205,93,388,1675,16,122,79,0,36
2017-06-07,581,369,358,316,0,246,9,93,17,31
2017-06-08,759,538,348,248,0,51,50,23,16,28
2017-06-09,605,931,280,456,0,1007,209,125,291,182
2017-06-10,424,409,374,30,0,99,101,318,27,15
2017-06-11,674,381,221,279,0,39,44,296,0,0
2017-06-12,496,585,691,90,0,27,14,75,77,74
2017-06-13,623,480,340,251,1976,213,119,65,40,12
2017-06-14,558,1030,208,240,150,302,18,62,43,17
2017-06-15,791,762,171,522,0,158,108,27,126,32
2017-06-16,541,535,215,375,0,209,427,280,14,28
2017-06-17,283,487,349,289,0,31,34,22,0,5
2017-06-18,293,487,133,369,0,123,29,74,4,31
2017-06-19,454,600,230,467,0,83,71,153,0,0
2017-06-20,599,707,199,506,1492,199,13,81,162,37
2017-06-21,612,492,481,229,0,135,114,43,27,28
2017-06-22,1215,451,480,143,0,251,37,80,145,27
2017-06-23,537,745,499,182,0,53,50,68,1300,18
2017-06-24,506,596,173,626,0,23,40,90,49,13
2017-06-25,382,369,92,449,0,13,0,24,16,13
2017-06-26,290,678,175,352,0,19,38,80,43,7
2017-06-27,689,530,109,135,1780,20,111,111,218,248
2017-06-28,1584,471,193,396,0,82,44,77,17,5
2017-06-29,891,1266,208,354,0,62,47,109,77,29
2017-06-30,583,571,371,317,0,155,34,41,1,7
2017-07-01,659,440,300,382,0,61,18,22,4,0
2017-07-02,350,453,235,461,0,2,20,22,0,45
2017-07-03,371,409,190,290,0,70,25,55,2,10
2017-07-04,363,662,281,505,1795,21,71,9,8,2
2017-07-05,471,648,124,594,0,222,75,21,6,45
2017-07-06,429,558,376,410,0,19,36,29,3,19
2017-07-07,954,794,804,256,0,172,119,274,5,4
2017-07-08,494,428,291,189,0,418,27,32,0,28
2017-07-09,524,298,211,437,0,110,40,22,1,31
2017-07-10,355,317,325,687,0,99,106,51,10,10
2017-07-11,594,332,507,638,2077,78,153,17,350,327
2017-07-12,792,645,68,313,357,40,162,50,120,44
2017-07-13,385,435,362,627,0,30,58,51,56,2
2017-07-14,506,872,249,378,0,44,60,51,15,479
2017-07-15,612,746,263,170,0,88,31,7,2,0
2017-07-16,758,365,165,138,0,304,32,1,0,8
2017-07-17,273,619,201,469,0,91,33,31,52,88
2017-07-18,819,567,337,224,2061,331,20,25,0,10
2017-07-19,879,968,543,257,0,38,396,30,44,59
2017-07-20,531,564,186,670,0,53,130,44,15,23
2017-07-21,746,451,240,220,0,710,7,143,121,1
2017-07-22,868,543,477,144,126,16,42,52,8,37
2017-07-23,324,577,132,195,0,53,27,67,28,52
2017-07-24,614,237,112,452,0,120,69,32,11,3
2017-07-25,636,970,83,751,1808,186,30,116,0,2
2017-07-26,616,510,127,184,0,117,48,303,196,5
2017-07-27,507,284,399,329,0,49,7,64,6,2
2017-07-28,578,831,159,439,0,80,168,30,106,2
2017-07-29,505,518,193,240,0,5,47,23,8,0
2017-07-30,280,332,206,29,0,12,19,25,9,9
2017-07-31,1024,445,164,296,0,491,97,41,88,50
2017-08-01,401,337,212,350,1857,61,85,70,115,16
2017-08-02,688,286,258,410,0,88,42,31,3,4
2017-08-03,608,607,74,140,0,1102,86,91,89,27
2017-08-04,625,883,108,277,0,95,312,38,12,58
2017-08-05,433,628,263,206,0,148,33,58,0,4
2017-08-06,593,425,87,228,0,46,604,12,10,41
2017-08-07,488,413,99,120,0,56,50,13,32,24
2017-08-08,442,762,164,225,302,52,61,50,28,38
2017-08-09,507,712,50,328,0,196,59,165,547,45
2017-08-10,681,1152,257,327,0,161,86,18,133,6
2017-08-11,1044,480,319,89,0,231,52,48,0,22
2017-08-12,599,522,417,251,0,38,101,61,1,4
2017-08-13,453,224,55,160,0,44,6,34,2,1
2017-08-14,549,411,135,96,0,185,162,65,126,81
2017-08-15,502,450,23,271,1232,178,43,96,22,168
2017-08-16,512,657,87,254,0,258,110,231,33,103
2017-08-17,538,584,73,400,519,190,12,823,201,135
2017-08-18,1298,646,46,113,0,55,87,179,21,39
2017-08-19,302,622,173,151,0,93,16,39,5,133
2017-08-20,742,259,158,80,0,61,17,16,0,132
2017-08-21,2325,584,88,62,0,3,21,22,18,50
2017-08-22,901,475,267,190,1923,203,122,113,14,120
2017-08-23,797,818,466,150,0,42,152,107,220,20
2017-08-24,742,633,138,273,0,10,165,98,78,147
2017-08-25,670,739,180,429,0,17,97,30,219,63
2017-08-26,477,441,161,269,0,129,62,94,124,52
2017-08-27,727,429,39,117,0,54,240,44,25,55
2017-08-28,680,223,128,37,0,321,56,38,5,10
2017-08-29,508,865,237,35,1666,431,127,81,14,11
2017-08-30,544,318,409,95,0,99,254,88,0,377
2017-08-31,813,569,178,171,0,156,97,20,494,103
2017-09-01,784,475,157,61,0,251,143,203,62,16
2017-09-02,528,291,370,831,0,82,21,55,52,0
2017-09-03,588,148,58,88,0,394,21,28,3,15
2017-09-04,654,340,93,79,0,144,342,189,0,159
2017-09-05,1562,530,70,110,0,4,70,102,19,0
2017-09-06,897,581,298,142,1483,67,246,60,79,33
2017-09-07,688,456,123,202,0,162,4,250,139,29
2017-09-08,454,368,173,246,0,259,114,104,0,34
2017-09-09,416,400,136,112,0,647,0,45,2,3
2017-09-10,272,274,249,42,0,32,36,114,1,3
2017-09-11,517,685,113,200,0,391,86,44,247,4
2017-09-12,384,597,220,106,1395,385,261,68,0,205
2017-09-13,573,584,326,156,0,348,26,125,367,46
2017-09-14,509,633,187,294,0,56,114,66,6,57
2017-09-15,620,567,112,214,0,131,1,47,42,0
2017-09-16,610,426,233,253,0,24,1,50,15,3
2017-09-17,366,228,195,249,0,42,10,49,51,31
2017-09-18,977,432,216,648,0,62,17,63,25,7
2017-09-19,585,711,141,680,1566,191,126,94,420,10
2017-09-20,879,532,314,260,0,139,128,79,19,7
2017-09-21,1151,521,110,134,0,274,391,82,96,28
2017-09-22,542,420,292,135,0,168,1030,121,9,51
2017-09-23,576,408,372,157,0,67,62,27,195,16
2017-09-24,274,389,268,531,0,48,32,83,3,41
2017-09-25,670,504,373,21,0,32,36,44,652,36
2017-09-26,418,734,149,673,1724,78,176,29,226,53
2017-09-27,821,505,472,166,0,153,21,54,31,7
2017-09-28,1213,370,125,377,0,44,13,60,383,0
2017-09-29,613,598,286,286,0,1329,117,41,3,15
2017-09-30,546,298,547,38,0,44,40,54,34,3
2017-10-01,527,435,162,232,0,25,12,20,61,13
2017-10-02,779,566,240,587,0,29,155,37,24,11
2017-10-03,575,838,64,196,1128,139,78,115,120,19
2017-10-04,1098,1108,141,30,0,162,15,1677,5,10
2017-10-05,985,570,73,261,0,16,2982,91,79,16
2017-10-06,1077,736,72,123,0,158,179,111,171,584
2017-10-07,658,355,228,308,0,60,131,54,0,32
2017-10-08,203,725,158,118,0,12,145,6,51,5
2017-10-09,704,441,139,122,0,26,21,100,32,0
2017-10-10,738,642,310,156,267,647,9,23,1,53
2017-10-11,1021,706,273,170,0,114,16,98,44,2
2017-10-12,727,783,55,72,0,112,248,92,700,225
2017-10-13,539,502,213,303,0,192,2049,93,97,282
2017-10-14,345,764,453,632,0,86,9,26,0,0
2017-10-15,398,499,283,711,0,41,37,33,47,14
2017-10-16,481,922,483,97,0,164,17,33,58,7
2017-10-17,1008,516,278,150,1435,65,572,25,13,24
2017-10-18,1517,295,329,106,0,14,92,605,20,0
2017-10-19,845,816,247,345,0,80,212,36,117,34
2017-10-20,572,718,625,272,0,28,57,136,52,193
2017-10-21,363,1256,550,163,0,43,94,43,1,24
2017-10-22,642,610,322,103,0,69,23,99,59,23
2017-10-23,914,512,321,443,0,73,174,98,0,7
2017-10-24,621,561,188,192,1897,205,195,35,13,14
2017-10-25,639,814,293,282,0,74,56,39,346,544
2017-10-26,635,603,294,130,0,227,127,24,18,0
2017-10-27,1349,621,345,53,0,265,81,42,50,1
2017-10-28,381,280,440,117,0,95,39,154,31,11
2017-10-29,653,522,7,93,0,35,2,21,8,16
2017-10-30,668,775,358,132,0,872,71,54,43,4
2017-10-31,1454,456,178,259,1563,16,71,69,20,41
2017-11-01,919,686,200,134,0,199,253,110,17,8
2017-11-02,989,722,88,156,0,143,50,381,31,41
2017-11-03,889,557,159,94,0,190,357,115,89,79
2017-11-04,464,735,427,63,0,265,81,20,20,12
2017-11-05,333,333,432,810,0,175,17,33,193,37
2017-11-06,578,532,262,238,0,72,76,47,41,21
2017-11-07,738,691,173,435,2198,56,106,33,49,279
2017-11-08,1147,619,285,156,0,91,68,97,242,20
2017-11-09,662,409,673,40,0,127,278,57,35,10
2017-11-10,775,363,323,93,0,342,723,18,18,5
2017-11-11,620,459,434,487,0,12,61,82,11,42
2017-11-12,402,691,158,339,0,61,169,27,38,9
2017-11-13,1173,598,232,190,0,33,4,44,14,12
2017-11-14,956,944,501,343,2188,36,18,143,19,18
2017-11-15,1233,671,526,202,0,46,113,77,17,36
2017-11-16,929,1067,192,149,0,299,131,114,97,153
2017-11-17,841,736,419,206,0,124,75,43,25,21
2017-11-18,426,594,292,1041,0,23,352,37,0,11
2017-11-19,836,472,177,146,0,333,15,14,5,33
2017-11-20,1177,570,376,405,0,35,253,79,27,36
2017-11-21,908,815,736,347,1842,341,50,88,1088,139
2017-11-22,1245,865,234,83,508,346,119,6,53,3
2017-11-23,652,788,192,93,0,51,173,105,23,119
2017-11-24,527,398,1052,72,0,0,70,19,0,3
2017-11-25,487,262,274,204,138,91,33,113,103,31
2017-11-26,661,430,470,39,0,231,85,19,6,57
2017-11-27,663,412,78,1051,0,59,164,58,20,5
2017-11-28,567,514,272,96,2154,48,38,106,26,8
2017-11-29,1495,409,176,331,0,2,336,75,13,2
2017-11-30,753,653,334,104,0,7,102,96,86,0
2017-12-01,714,594,281,116,0,369,918,211,0,12
2017-12-02,567,295,205,141,0,312,63,72,172,19
2017-12-03,544,374,142,684,0,202,10,6,94,0
2017-12-04,981,409,644,181,0,338,189,32,14,56
2017-12-05,559,856,543,300,1934,44,39,92,38,7
2017-12-06,342,816,276,814,0,40,79,103,56,14
2017-12-07,756,524,283,129,0,187,1171,78,270,156
2017-12-08,710,592,338,553,0,7,17,47,98,50
2017-12-09,622,749,441,147,0,22,260,40,0,8
2017-12-10,379,616,304,206,0,187,0,31,16,14
2017-12-11,858,398,170,121,0,251,23,65,7,1
2017-12-12,1457,615,228,528,1698,11,192,65,20,12
2017-12-13,1472,1219,263,219,0,26,33,108,32,3
2017-12-14,503,682,84,303,0,93,702,59,310,24
2017-12-15,762,369,412,361,0,67,33,14,34,16
2017-12-16,1037,403,259,237,0,44,156,98,5,115
2017-12-17,523,425,428,363,0,72,51,42,0,23
2017-12-18,870,586,229,111,0,137,122,29,12,2
2017-12-19,1204,718,279,202,1508,204,43,7,68,1
2017-12-20,835,597,536,404,0,186,108,288,19,2
2017-12-21,666,509,277,376,0,189,120,40,0,6
2017-12-22,528,376,288,129,0,93,85,37,11,72
2017-12-23,488,534,178,322,0,98,46,116,0,7
2017-12-24,957,162,133,50,0,164,38,8,30,15
2017-12-25,617,375,376,145,0,16,131,34,557,0
2017-12-26,384,304,357,168,1466,36,39,71,240,18
2017-12-27,540,402,321,43,0,5,36,94,7,28
2017-12-28,874,428,318,188,0,222,91,28,45,9
2017-12-29,765,499,350,80,0,71,18,47,3,13
2017-12-30,517,1096,337,55,0,4,90,42,1,34
2017-12-31,283,702,472,393,0,20,26,9,0,0
2018-01-01,393,478,162,794,0,8,27,70,13,21
2018-01-02,500,344,434,19,0,38,44,57,66,5
2018-01-03,461,513,199,83,1478,30,123,48,4,45
2018-01-04,691,1165,180,39,0,484,172,70,18,2
2018-01-05,774,533,868,70,0,144,355,63,1,17
2018-01-06,824,512,710,85,0,37,80,67,0,13
2018-01-07,871,248,513,189,0,38,52,520,0,9
2018-01-08,603,385,271,174,0,229,46,11,207,31
2018-01-09,523,964,476,63,1764,844,123,62,47,33
2018-01-10,810,640,304,554,0,619,152,77,10,8
2018-01-11,760,631,176,692,0,97,449,63,60,248
2018-01-12,1100,1029,158,126,0,31,376,214,123,33
2018-01-13,771,868,280,312,0,28,275,30,69,95
2018-01-14,579,347,304,232,0,149,13,49,30,15
2018-01-15,743,439,804,177,0,109,22,75,56,15
2018-01-16,1068,891,366,958,2157,144,56,81,23,217
2018-01-17,726,646,130,232,0,30,29,269,51,2
2018-01-18,1429,597,448,135,0,5,168,102,18,11
2018-01-19,1055,1097,388,78,0,122,65,84,15,17
2018-01-20,388,772,209,105,0,145,423,84,2,46
2018-01-21,556,317,286,459,0,129,325,67,0,7
2018-01-22,619,405,356,90,0,299,158,29,22,22
2018-01-23,1180,555,496,284,2054,149,356,82,34,67
2018-01-24,999,853,808,68,0,122,123,54,231,97
2018-01-25,692,921,1452,70,0,11,67,537,13,59
2018-01-26,826,911,307,76,0,252,60,36,192,22
2018-01-27,999,623,193,61,0,1696,31,44,8,33
2018-01-28,563,572,339,154,0,12,24,66,123,12
2018-01-29,717,610,377,44,0,262,181,353,492,93
2018-01-30,862,967,589,45,2187,329,102,49,110,133
2018-01-31,1123,886,419,337,0,32,48,60,2465,23
2018-02-01,1064,884,190,337,0,257,90,136,14,38
2018-02-02,2540,1300,306,289,0,180,118,188,56,122
2018-02-03,737,543,352,103,0,33,9,89,20,19
2018-02-04,525,481,398,228,0,260,782,47,0,0
2018-02-05,1378,797,488,367,0,12,204,45,0,3
2018-02-06,732,764,330,1335,2230,226,170,80,30,28
2018-02-07,1227,813,220,225,0,101,239,171,622,73
2018-02-08,2264,566,357,423,0,238,73,105,134,106
2018-02-09,1058,445,378,11,0,438,142,116,66,32
2018-02-10,629,743,452,140,0,402,299,117,12,7
2018-02-11,455,593,376,324,0,76,64,108,70,12
2018-02-12,807,666,317,209,0,598,246,75,25,12
2018-02-13,1124,671,349,359,2145,138,427,76,417,14
2018-02-14,2263,708,163,266,0,180,100,138,62,58
2018-02-15,1326,784,733,176,0,109,302,29,46,32
2018-02-16,642,586,230,249,0,211,66,84,48,29
2018-02-17,1344,585,279,138,0,28,464,66,23,0
2018-02-18,803,650,248,118,0,307,105,202,0,4
2018-02-19,394,667,230,149,0,34,58,259,3,3
2018-02-20,1106,662,866,228,0,17,18,96,8,43
2018-02-21,1416,1358,293,56,1668,0,64,113,191,19
2018-02-22,752,714,400,142,0,343,35,175,58,28
2018-02-23,370,525,548,163,0,285,172,99,51,8
2018-02-24,547,490,373,71,0,20,171,81,529,21
2018-02-25,481,401,346,199,0,126,105,30,95,6
2018-02-26,762,773,118,140,0,447,113,3,31,20
2018-02-27,734,846,741,245,0,40,102,41,17,10
2018-02-28,842,653,308,146,0,111,572,91,12,31
2018-03-01,890,836,168,111,0,434,22,56,505,10
2018-03-02,465,543,314,163,0,155,159,81,8,14
2018-03-03,518,392,449,103,0,54,139,63,54,52
2018-03-04,485,387,196,684,0,190,13,56,107,3
2018-03-05,1623,628,163,161,0,50,87,55,112,0
2018-03-06,1597,1031,258,93,1774,134,49,104,15,41
2018-03-07,945,540,308,147,0,189,137,43,0,12
2018-03-08,642,733,406,255,0,142,630,100,37,147
2018-03-09,637,879,256,556,0,120,103,77,62,9
2018-03-10,730,1625,339,57,0,20,39,67,49,8
2018-03-11,472,564,199,633,0,274,30,74,12,26
2018-03-12,1126,410,425,83,0,347,306,70,7,30
2018-03-13,584,576,212,118,1915,181,60,105,0,19
2018-03-14,599,867,164,589,0,96,131,104,0,42
2018-03-15,462,1475,370,234,0,86,181,67,100,20
2018-03-16,866,845,174,38,0,60,344,37,47,87
2018-03-17,1218,484,378,101,0,19,55,111,27,44
2018-03-18,621,653,345,181,0,34,14,55,83,0
2018-03-19,382,1003,146,227,0,315,236,23,181,34
2018-03-20,561,599,445,97,1654,187,74,177,109,50
2018-03-21,795,398,433,197,0,55,53,54,30,22
2018-03-22,550,734,437,156,0,10,133,79,46,51
2018-03-23,364,732,66,594,0,70,1,65,65,2
2018-03-24,672,604,602,24,0,11,40,56,0,553
2018-03-25,873,642,254,36,0,75,50,18,111,7
2018-03-26,694,785,437,189,0,54,382,134,0,10
2018-03-27,683,962,167,220,2117,630,118,86,136,27
2018-03-28,1838,865,205,28,0,223,45,96,3,164
2018-03-29,605,1310,974,31,0,78,383,100,54,7
2018-03-30,936,819,621,121,0,44,256,35,710,54
2018-03-31,363,798,610,43,0,164,9,37,38,9
2018-04-01,683,558,306,253,0,137,169,123,41,14
2018-04-02,1022,624,310,230,0,59,56,95,10,6
2018-04-03,489,977,351,52,2010,70,141,37,24,18
2018-04-04,734,887,255,901,0,184,23,71,113,407
2018-04-05,628,699,247,794,0,89,104,100,217,41
2018-04-06,1111,702,415,204,0,129,93,149,13,37
2018-04-07,680,771,360,190,0,307,374,42,1,0
2018-04-08,370,671,262,101,0,380,6,67,9,8
2018-04-09,526,1227,197,255,0,57,133,69,54,1
2018-04-10,560,822,275,482,1967,263,138,100,41,58
2018-04-11,1128,844,231,55,0,55,111,80,86,44
2018-04-12,875,750,286,130,176,73,152,54,17,128
2018-04-13,791,754,491,336,0,37,47,214,39,46
2018-04-14,823,1029,511,587,0,27,39,133,13,68
2018-04-15,405,426,485,88,0,73,64,43,50,32
2018-04-16,678,1410,571,350,0,178,236,36,20,62
2018-04-17,794,577,205,541,2496,371,71,49,85,62
2018-04-18,1135,457,639,85,0,51,107,121,1,63
2018-04-19,1702,733,286,44,0,170,136,124,2,10
2018-04-20,851,598,504,147,0,92,81,58,6,0
2018-04-21,524,391,445,121,0,93,88,60,52,188
2018-04-22,1337,626,362,50,0,39,54,64,3,3
2018-04-23,821,872,214,305,0,251,70,113,29,62
2018-04-24,1056,624,208,746,0,151,162,42,16,35
2018-04-25,564,674,541,272,1480,63,216,283,90,29
2018-04-26,581,876,460,80,0,44,807,88,11,31
2018-04-27,741,476,166,77,0,518,34,129,14,1
2018-04-28,1144,832,233,124,0,112,7,113,43,31
2018-04-29,662,968,69,218,2,80,249,91,14,2
2018-04-30,10,42,23,9,0,0,3,14,0,3
2018-05-01,1,4,0,5,0,1,1,2,0,0
2018-05-02,14,16,7,7,0,4,1,6,0,0
2018-05-03,81,78,9,11,0,0,3,1,1,0
2018-05-04,1489,515,291,155,0,191,44,57,23,12
2018-05-05,257,684,382,277,1,4,18,97,17,0
2018-05-06,470,429,532,81,0,407,12,39,46,65
2018-05-07,324,596,368,217,0,178,11,64,36,8
2018-05-08,657,668,177,458,0,60,96,84,45,34
2018-05-09,424,540,250,199,0,23,69,82,8,15
2018-05-10,742,619,428,66,0,89,55,57,30,21
2018-05-11,686,793,238,346,0,72,148,66,172,26
2018-05-12,536,661,283,368,0,115,192,65,4,11
2018-05-13,287,424,306,403,0,193,22,127,39,13
2018-05-14,461,611,705,106,0,41,86,71,37,4
2018-05-15,515,982,259,141,0,32,66,92,37,19
2018-05-16,985,811,335,309,0,27,161,71,75,0
2018-05-17,506,657,651,262,0,66,88,105,4,43
2018-05-18,890,902,286,396,0,280,318,98,43,20
2018-05-19,413,718,188,113,0,199,106,106,60,11
2018-05-20,615,601,230,196,0,24,76,54,12,1
2018-05-21,782,510,317,194,0,190,52,95,192,0
2018-05-22,910,376,412,392,0,64,78,134,0,38
2018-05-23,468,821,325,812,0,38,166,155,11,35
2018-05-24,467,549,378,82,0,116,91,115,11,31
2018-05-25,1042,818,394,229,0,48,32,80,48,8
2018-05-26,362,355,235,60,0,21,80,50,19,458
2018-05-27,394,489,746,59,0,40,68,55,25,3
2018-05-28,421,424,334,540,0,97,87,75,13,32
2018-05-29,602,1527,391,184,0,151,79,70,60,112
2018-05-30,833,805,227,171,0,446,21,195,149,27
2018-05-31,690,1350,429,773,0,9,89,115,29,45
2018-06-01,1549,572,493,73,0,93,97,197,22,18
2018-06-02,991,517,714,636,0,126,13,54,13,10
2018-06-03,523,520,222,116,0,9,32,109,26,40
2018-06-04,455,434,279,141,0,107,304,17,28,83
2018-06-05,535,940,648,545,3,28,94,49,269,13
2018-06-06,523,953,375,261,0,13,129,135,52,14
2018-06-07,595,737,775,172,0,81,304,157,47,76
2018-06-08,851,603,294,313,0,37,183,25,39,70
2018-06-09,357,644,316,297,6,164,179,66,205,14
2018-06-10,598,523,213,128,0,124,109,75,13,72
2018-06-11,263,683,237,246,0,1968,81,96,39,47
2018-06-12,440,530,356,301,0,108,16,55,15,23
2018-06-13,1131,2125,141,168,0,107,237,169,76,36
2018-06-14,438,614,237,382,0,53,165,45,19,42
2018-06-15,866,577,333,263,0,372,34,128,92,57
2018-06-16,678,657,515,123,0,34,67,106,14,23
2018-06-17,625,608,294,275,0,53,285,53,23,23
2018-06-18,584,578,561,774,0,188,137,117,3,11
2018-06-19,769,632,962,292,0,24,153,126,31,7
2018-06-20,436,856,441,446,0,67,107,72,86,250
2018-06-21,587,1171,153,50,0,22,215,112,179,132
2018-06-22,619,302,143,267,2,76,242,132,24,16
2018-06-23,693,619,702,82,0,164,260,45,45,10
2018-06-24,605,372,381,334,0,101,123,97,31,48
2018-06-25,514,531,632,98,1,115,137,33,109,22
2018-06-26,554,788,409,71,2147,294,31,118,29,20
2018-06-27,920,639,284,180,0,301,203,73,53,145
2018-06-28,633,535,161,90,0,444,105,102,218,23
2018-06-29,750,1167,644,440,0,34,71,56,21,18
2018-06-30,741,700,480,217,1,46,91,136,46,16
2018-07-01,432,579,136,474,3,118,219,76,70,3
2018-07-02,738,490,465,291,0,56,172,98,75,15
2018-07-03,445,590,497,217,0,93,254,189,23,19
2018-07-04,639,560,198,437,0,342,161,216,15,181
2018-07-05,555,406,330,137,0,64,208,166,36,9
2018-07-06,929,601,641,125,0,155,32,143,25,28
2018-07-07,541,809,607,87,0,113,71,91,116,8
2018-07-08,630,581,338,97,0,56,369,352,90,28
2018-07-09,420,558,129,612,0,84,168,162,75,15
2018-07-10,1356,1153,532,145,0,148,71,233,17,36
2018-07-11,454,683,617,250,0,143,304,265,92,49
2018-07-12,731,597,643,231,0,64,101,155,43,103
2018-07-13,501,795,365,131,0,17,233,134,11,61
2018-07-14,631,746,555,318,0,180,44,64,34,26
2018-07-15,361,688,108,104,0,201,209,88,14,26
2018-07-16,446,666,96,186,0,655,241,114,209,19
2018-07-17,325,695,250,503,2024,104,112,66,81,34
2018-07-18,660,1033,557,144,0,503,95,186,102,72
2018-07-19,570,975,234,130,0,40,81,94,44,44
2018-07-20,870,1234,199,57,0,38,149,80,142,376
2018-07-21,529,967,564,118,0,58,162,116,108,62
2018-07-22,1065,1275,704,790,0,128,468,121,265,35
2018-07-23,698,808,351,295,0,480,112,642,69,82
2018-07-24,850,775,234,232,1,152,208,48,129,23
2018-07-25,667,770,255,302,0,164,381,105,231,38
2018-07-26,990,761,625,125,0,174,234,149,302,39
2018-07-27,417,894,707,97,0,460,250,82,208,63
2018-07-28,829,812,444,105,0,81,94,66,83,13
2018-07-29,482,612,125,380,0,58,197,76,55,18
2018-07-30,1095,674,559,577,0,196,207,78,17,40
2018-07-31,549,632,359,55,0,145,91,42,192,57
2018-08-01,582,736,387,176,0,53,200,142,67,9
2018-08-02,668,850,386,394,0,140,68,66,177,28
2018-08-03,1101,759,570,326,0,148,245,102,210,123
2018-08-04,663,773,380,238,0,158,46,133,80,0
2018-08-05,404,486,395,332,0,33,107,54,32,87
2018-08-06,418,801,449,90,0,19,194,146,160,4
2018-08-07,520,935,472,72,0,46,109,199,156,15
2018-08-08,849,951,483,513,0,199,227,133,85,84
2018-08-09,1201,664,731,91,0,42,185,83,79,42
2018-08-10,669,858,645,109,0,75,225,58,205,15
2018-08-11,488,587,700,48,0,46,74,169,139,181
2018-08-12,380,799,389,162,0,27,175,123,80,20
2018-08-13,1096,785,339,197,0,70,259,171,22,158
2018-08-14,599,2094,219,95,0,83,123,58,361,30
2018-08-15,499,820,258,716,0,459,252,86,85,58
2018-08-16,752,694,601,107,0,60,111,77,101,90
2018-08-17,743,671,686,108,0,283,404,177,60,19
2018-08-18,666,571,627,122,0,190,86,81,113,61
2018-08-19,597,547,295,177,0,65,128,101,60,159
2018-08-20,610,641,412,202,0,140,109,72,78,54
2018-08-21,387,671,619,102,0,179,223,72,39,49
2018-08-22,571,1026,686,139,0,147,257,121,52,48
2018-08-23,545,901,292,638,0,67,484,89,182,28
2018-08-24,842,757,204,887,0,36,122,146,484,35
2018-08-25,545,850,429,133,0,29,132,158,543,34
2018-08-26,585,686,399,208,0,117,786,48,96,8
2018-08-27,584,655,363,228,0,257,49,183,58,3
2018-08-28,470,1078,440,259,2184,105,215,148,314,11
2018-08-29,584,1351,225,305,0,132,409,95,59,56
2018-08-30,534,852,376,652,0,50,229,70,432,17
2018-08-31,496,1160,385,208,0,68,338,116,192,16
2018-09-01,469,770,546,364,0,138,51,108,22,74
2018-09-02,390,703,207,550,0,143,161,197,55,74
2018-09-03,728,621,445,140,0,262,115,102,100,30
2018-09-04,823,791,365,192,0,146,104,64,46,37
2018-09-05,772,730,468,172,0,314,181,243,81,85
2018-09-06,624,653,227,434,0,725,128,81,118,51
2018-09-07,892,1059,452,241,0,75,34,134,20,56
2018-09-08,731,745,315,147,0,359,88,42,131,15
2018-09-09,555,410,332,203,0,42,687,67,189,33
2018-09-10,606,781,415,62,0,390,241,93,56,33
2018-09-11,392,549,478,121,0,157,151,35,33,21
2018-09-12,607,1167,424,114,0,14,107,92,48,17
2018-09-13,473,648,409,333,0,22,242,149,269,106
2018-09-14,435,846,445,122,0,336,92,93,51,17
2018-09-15,492,525,345,350,0,11,169,331,26,33
2018-09-16,351,1267,81,282,0,85,54,83,108,69
2018-09-17,894,603,510,199,0,145,224,132,30,38
2018-09-18,588,813,318,158,0,99,276,83,48,76
2018-09-19,523,842,612,304,0,30,553,64,141,81
2018-09-20,594,880,483,646,0,90,387,174,49,12
2018-09-21,606,756,405,121,0,61,190,73,139,30
2018-09-22,449,723,212,640,0,35,330,117,124,19
2018-09-23,461,552,256,69,0,32,186,110,38,15
